asn1, ghcr.io/ocicl/asn1@sha256:b9913fbf4fcdacf7a01930d1b05ccfb64ad778263a29418dc0a00c6d7919cd87, asn1-20240503-b0388fa/asn1.asd
assoc-utils, ghcr.io/ocicl/assoc-utils@sha256:2518d63b253803d35c0c186a4a7801476efc678045c3027252b2e4bfdd4a324b, assoc-utils-20241010-b14ab68/assoc-utils.asd
assoc-utils-test, ghcr.io/ocicl/assoc-utils@sha256:2518d63b253803d35c0c186a4a7801476efc678045c3027252b2e4bfdd4a324b, assoc-utils-20241010-b14ab68/assoc-utils-test.asd
binding-arrows, ghcr.io/ocicl/binding-arrows@sha256:f33632149b3fc8884e7bd6bf25ce307ffd4255cd5b62bfb30a4700c7b7ffde3f, binding-arrows-20240503-46bcba8/binding-arrows.asd
blackbird, ghcr.io/ocicl/blackbird@sha256:551b80d402a61db1a41186e6ecc70be82fd83d281465341ac423ca6fc3bfe418, blackbird-20240503-1ec17c5/blackbird.asd
blackbird-test, ghcr.io/ocicl/blackbird@sha256:551b80d402a61db1a41186e6ecc70be82fd83d281465341ac423ca6fc3bfe418, blackbird-20240503-1ec17c5/blackbird-test.asd
bobbin, ghcr.io/ocicl/bobbin@sha256:7368d88e9f1d8a94b9bddf5e1887e384ef738235570142dd1cfe98c90077cc13, bobbin-20240503-b454e82/bobbin.asd
cl-base64, ghcr.io/ocicl/cl-base64@sha256:702412dbc1ed825e275fb23e22c29527eb786bf644e47c7621bf0dbb34e17c7e, cl-base64-20240503-80496b7/cl-base64.asd
cl-base64-tests, ghcr.io/ocicl/cl-base64@sha256:702412dbc1ed825e275fb23e22c29527eb786bf644e47c7621bf0dbb34e17c7e, cl-base64-20240503-80496b7/cl-base64-tests.asd
cl-change-case, ghcr.io/ocicl/cl-change-case@sha256:f5d0e45f9ea8ae25b63251320269e62ac78d8fb6d23da1fba78e542081740a91, cl-change-case-1.0/cl-change-case.asd
cl-conspack, ghcr.io/ocicl/cl-conspack@sha256:cd171bae6226a69da4fb53361d4d07dd3702917ce5e6f822fbf5b466b4da6a95, cl-conspack-20240503-6e529d7/cl-conspack.asd
cl-conspack-test, ghcr.io/ocicl/cl-conspack@sha256:cd171bae6226a69da4fb53361d4d07dd3702917ce5e6f822fbf5b466b4da6a95, cl-conspack-20240503-6e529d7/cl-conspack-test.asd
cl-cookie, ghcr.io/ocicl/cl-cookie@sha256:e744cbdf86e2f62b875dbb817a44da06d572a3066bafa08e347671ca7b1bdadf, cl-cookie-20260321-8a2fb71/cl-cookie.asd
cl-cookie-test, ghcr.io/ocicl/cl-cookie@sha256:e744cbdf86e2f62b875dbb817a44da06d572a3066bafa08e347671ca7b1bdadf, cl-cookie-20260321-8a2fb71/cl-cookie-test.asd
cl-github-v3, ghcr.io/ocicl/cl-github-v3@sha256:73fee2c3ed21859f1117b2468ccef0638a31003a87b2b8dae190f65e7a60714b, cl-github-v3-20240503-7c927da/cl-github-v3.asd
cl-json, ghcr.io/ocicl/cl-json@sha256:54c4d00901c2c5b0ea9da11eed8f0104fc5819e1ed9a29d1f3364503a720a868, cl-json-20240907-994dd38/cl-json.asd
cl-postgres_plus_local-time, ghcr.io/ocicl/local-time@sha256:15dc0e56d0ff55bd2a3c597e67be1c26bd0677c230a15ad5098c5207a9df5554, local-time-20250808-c28f38e/cl-postgres+local-time.asd
cl-postgres_plus_local-time-duration, ghcr.io/ocicl/local-time-duration@sha256:69c9f2809dbaf05e94d8b5cdb75a883b2891018c4448f0414fb89d11040b131b, local-time-duration-20240503-fa20a4a/cl-postgres+local-time-duration.asd
cl-reexport, ghcr.io/ocicl/cl-reexport@sha256:c795feb3e3727a19e61797187eb31bac1e855b1332335d26752200a28e9b9da8, cl-reexport-20240503-03ad7a0/cl-reexport.asd
cl-reexport-test, ghcr.io/ocicl/cl-reexport@sha256:c795feb3e3727a19e61797187eb31bac1e855b1332335d26752200a28e9b9da8, cl-reexport-20240503-03ad7a0/cl-reexport-test.asd
cl-speedy-queue, ghcr.io/ocicl/cl-speedy-queue@sha256:11c3c23233ae74fe439147e4e392a2f57d26c7e7aa0498283fe97dfd7e52417d, cl-speedy-queue-20230808-0425c7c/cl-speedy-queue.asd
cl-unicode, ghcr.io/ocicl/cl-unicode@sha256:d98f12c1271fb3c1812a27d64dfbe95b0bc5bcfd545b71b8101874e61270b120, cl-unicode-20240503-07e7ff5/cl-unicode.asd
cl-utilities, ghcr.io/ocicl/cl-utilities@sha256:e5e0676a4e0627332a0fe64d56ed4f1890f0466d715a11e8d95561b4c2baa38f, cl-utilities-20240503-6b4de39/cl-utilities.asd
clack, ghcr.io/ocicl/clack@sha256:9457bea28f1ee9c49a7626c2ee23c181b5af3636b5e64a27a46ef8535818947f, clack-20241101-935be5b/clack.asd
clack-handler-hunchentoot, ghcr.io/ocicl/clack@sha256:9457bea28f1ee9c49a7626c2ee23c181b5af3636b5e64a27a46ef8535818947f, clack-20241101-935be5b/clack-handler-hunchentoot.asd
clack-handler-toot, ghcr.io/ocicl/clack@sha256:9457bea28f1ee9c49a7626c2ee23c181b5af3636b5e64a27a46ef8535818947f, clack-20241101-935be5b/clack-handler-toot.asd
clack-handler-woo, ghcr.io/ocicl/woo@sha256:d14f9876ea2105452eaabb52ddc902768147a3e576bf1912cee942a5d5c6b563, woo-20240906-7f5219c/clack-handler-woo.asd
clack-handler-wookie, ghcr.io/ocicl/clack@sha256:9457bea28f1ee9c49a7626c2ee23c181b5af3636b5e64a27a46ef8535818947f, clack-20241101-935be5b/clack-handler-wookie.asd
clack-socket, ghcr.io/ocicl/clack@sha256:9457bea28f1ee9c49a7626c2ee23c181b5af3636b5e64a27a46ef8535818947f, clack-20241101-935be5b/clack-socket.asd
clack-test, ghcr.io/ocicl/clack@sha256:9457bea28f1ee9c49a7626c2ee23c181b5af3636b5e64a27a46ef8535818947f, clack-20241101-935be5b/clack-test.asd
clingon, ghcr.io/ocicl/clingon@sha256:2f1451d571c4003478871ef547ce7ac124f011229ab2c8e747f180c736b87c20, clingon-20260331-0ab731d/clingon.asd
clingon.demo, ghcr.io/ocicl/clingon@sha256:2f1451d571c4003478871ef547ce7ac124f011229ab2c8e747f180c736b87c20, clingon-20260331-0ab731d/clingon.demo.asd
clingon.intro, ghcr.io/ocicl/clingon@sha256:2f1451d571c4003478871ef547ce7ac124f011229ab2c8e747f180c736b87c20, clingon-20260331-0ab731d/clingon.intro.asd
clingon.test, ghcr.io/ocicl/clingon@sha256:2f1451d571c4003478871ef547ce7ac124f011229ab2c8e747f180c736b87c20, clingon-20260331-0ab731d/clingon.test.asd
dexador, ghcr.io/ocicl/dexador@sha256:16d7e2330eacf3c5322bcc04e09fe884d9d0cfb6312daa8c9509a857911ab90e, dexador-20260324-201677b/dexador.asd
dexador-test, ghcr.io/ocicl/dexador@sha256:16d7e2330eacf3c5322bcc04e09fe884d9d0cfb6312daa8c9509a857911ab90e, dexador-20260324-201677b/dexador-test.asd
dexador-usocket, ghcr.io/ocicl/dexador@sha256:16d7e2330eacf3c5322bcc04e09fe884d9d0cfb6312daa8c9509a857911ab90e, dexador-20260324-201677b/dexador-usocket.asd
esrap, ghcr.io/ocicl/esrap@sha256:d1748dc272d987937d759d2376dc18027efb1ed84c4b3561a367be3b4233183a, esrap-20251010-54debc5/esrap.asd
exponential-backoff, ghcr.io/ocicl/exponential-backoff@sha256:887cf466063a4adfa2c03e6361fa83824ca77aae6e1fd67ca94db7248ad1229b, exponential-backoff-20240503-8d9e844/exponential-backoff.asd
fast-http, ghcr.io/ocicl/fast-http@sha256:44e98b5239c0ded4921dc0b04ae272cff00583d93797a657543db782979eb50c, fast-http-20240503-2232fc9/fast-http.asd
fast-http-test, ghcr.io/ocicl/fast-http@sha256:44e98b5239c0ded4921dc0b04ae272cff00583d93797a657543db782979eb50c, fast-http-20240503-2232fc9/fast-http-test.asd
fast-io, ghcr.io/ocicl/fast-io@sha256:7ba35a0eddf00b3c25656b3c5a93e95460f6cb8f807afbc04ef4f50076d95aff, fast-io-20240503-a4c5ad6/fast-io.asd
fast-io-test, ghcr.io/ocicl/fast-io@sha256:7ba35a0eddf00b3c25656b3c5a93e95460f6cb8f807afbc04ef4f50076d95aff, fast-io-20240503-a4c5ad6/fast-io-test.asd
github-api-cl, ghcr.io/ocicl/github-api-cl@sha256:1aa68ec06a64c303c4ce88f2f59205a7c51a4cfc12d58b77b28c21ed5027d17c, Github-API-CL-20240503-8dac010/github-api-cl.asd
github-gist-api-cl, ghcr.io/ocicl/github-api-cl@sha256:1aa68ec06a64c303c4ce88f2f59205a7c51a4cfc12d58b77b28c21ed5027d17c, Github-API-CL-20240503-8dac010/example/github-gist-cl/github-gist-api-cl.asd
ieee-floats, ghcr.io/ocicl/ieee-floats@sha256:dcc1ef35f12ab6c611839a64338dc55a1c8e9b211274ffa8cbfd95d15b55c766, ieee-floats-20240503-9566ce8/ieee-floats.asd
introspect-environment, ghcr.io/ocicl/introspect-environment@sha256:4fa482690dee130996f1d0f89b470e0e84c92f22caea7649d3b83ce3e49c78ba, introspect-environment-20240503-69a50ac/introspect-environment.asd
introspect-environment-test, ghcr.io/ocicl/introspect-environment@sha256:4fa482690dee130996f1d0f89b470e0e84c92f22caea7649d3b83ce3e49c78ba, introspect-environment-20240503-69a50ac/introspect-environment-test.asd
iterate, ghcr.io/ocicl/iterate@sha256:6950c55e3782d58cabbbb5753111a70d8cafab8348b7fd6f2143d9abeaab46fb, iterate-20250703-d27d7ff/iterate.asd
jose, ghcr.io/ocicl/jose@sha256:18ba9617b7ddf58e23b52797b80e63ca8afaa7c5fb44f6671835e3c0639ef8f1, jose-20250217-345d8cf/jose.asd
lambda-fiddle, ghcr.io/ocicl/lambda-fiddle@sha256:b6a0b1ba996ff4e958c49f220bfcbd76caadaf91d721bce1f5abfea9550aa3e7, lambda-fiddle-20260218-064189b/lambda-fiddle.asd
legit, ghcr.io/ocicl/legit@sha256:4e97361ea92cf3eba34e25c7c3f4d5d0dff8dd46720df91e25d795630bd335bf, legit-20260218-877147a/legit.asd
lisp-namespace, ghcr.io/ocicl/lisp-namespace@sha256:ae08006e0b267958c50160658c729c799c6e1c18d94eef83f2ce5cf6ab8bbd20, lisp-namespace-20240503-699fccb/lisp-namespace.asd
lisp-namespace.test, ghcr.io/ocicl/lisp-namespace@sha256:ae08006e0b267958c50160658c729c799c6e1c18d94eef83f2ce5cf6ab8bbd20, lisp-namespace-20240503-699fccb/lisp-namespace.test.asd
local-time, ghcr.io/ocicl/local-time@sha256:15dc0e56d0ff55bd2a3c597e67be1c26bd0677c230a15ad5098c5207a9df5554, local-time-20250808-c28f38e/local-time.asd
local-time-duration, ghcr.io/ocicl/local-time-duration@sha256:69c9f2809dbaf05e94d8b5cdb75a883b2891018c4448f0414fb89d11040b131b, local-time-duration-20240503-fa20a4a/local-time-duration.asd
local-time-duration-tests, ghcr.io/ocicl/local-time-duration@sha256:69c9f2809dbaf05e94d8b5cdb75a883b2891018c4448f0414fb89d11040b131b, local-time-duration-20240503-fa20a4a/tests/local-time-duration-tests.asd
log4cl, ghcr.io/ocicl/log4cl@sha256:bd33f6e5ad346892e852492e7101bc18d263f9ef2ba6192178568d1b20337112, log4cl-20240503-fe3da51/log4cl.asd
log4cl-examples, ghcr.io/ocicl/log4cl@sha256:bd33f6e5ad346892e852492e7101bc18d263f9ef2ba6192178568d1b20337112, log4cl-20240503-fe3da51/log4cl-examples.asd
log4cl.log4slime, ghcr.io/ocicl/log4cl@sha256:bd33f6e5ad346892e852492e7101bc18d263f9ef2ba6192178568d1b20337112, log4cl-20240503-fe3da51/log4cl.log4slime.asd
log4cl.log4sly, ghcr.io/ocicl/log4cl@sha256:bd33f6e5ad346892e852492e7101bc18d263f9ef2ba6192178568d1b20337112, log4cl-20240503-fe3da51/log4cl.log4sly.asd
pem, ghcr.io/ocicl/pem@sha256:ae11c6466ee14841da74b07dda50587df33f07ba4685b0c32632fefb6a5ad0f5, pem-20250225-4aaf819/pem.asd
proc-parse, ghcr.io/ocicl/proc-parse@sha256:0880f9acb35eb9efbe1f77a981e36e84e8f29a22b14f680c7686eb381fa87bd6, proc-parse-20240503-3afe2b7/proc-parse.asd
proc-parse-test, ghcr.io/ocicl/proc-parse@sha256:0880f9acb35eb9efbe1f77a981e36e84e8f29a22b14f680c7686eb381fa87bd6, proc-parse-20240503-3afe2b7/proc-parse-test.asd
quri, ghcr.io/ocicl/quri@sha256:e2559f91600e4895e115b42dde88fcaac3677f051335d73431888dcf7af99f95, quri-0.7.0/quri.asd
quri-test, ghcr.io/ocicl/quri@sha256:e2559f91600e4895e115b42dde88fcaac3677f051335d73431888dcf7af99f95, quri-0.7.0/quri-test.asd
sento, ghcr.io/ocicl/sento@sha256:47ce46a723c4d0c2bf9aa25f3c19cfccf33cb8726c0bcb2fa40621f868cf19ee, cl-gserver-3.4.2/sento.asd
simple-inferiors, ghcr.io/ocicl/simple-inferiors@sha256:a68fcb48e82f49117552740939b8a2af64fae86c706cbf870f432c16b60649f2, simple-inferiors-20260218-be8c7a7/simple-inferiors.asd
smart-buffer, ghcr.io/ocicl/smart-buffer@sha256:b8d194f5881c415fd7f0099b88dfd9e2158405c2966de15c716b155a364bf0f7, smart-buffer-20240503-619759d/smart-buffer.asd
smart-buffer-test, ghcr.io/ocicl/smart-buffer@sha256:b8d194f5881c415fd7f0099b88dfd9e2158405c2966de15c716b155a364bf0f7, smart-buffer-20240503-619759d/smart-buffer-test.asd
sqlite, ghcr.io/ocicl/sqlite@sha256:a7f80757e6ee13af06e2eeaeff1e079dba439d85ea5c7f68e262bccc40dcbd5c, cl-sqlite-0.2.1/sqlite.asd
sqlite-tests, ghcr.io/ocicl/sqlite@sha256:a7f80757e6ee13af06e2eeaeff1e079dba439d85ea5c7f68e262bccc40dcbd5c, cl-sqlite-0.2.1/sqlite-tests.asd
static-vectors, ghcr.io/ocicl/static-vectors@sha256:53e11e5689c3dbea6a3017760b55f052588003d774913539930ddc4330a69970, static-vectors-20240624-3d9d89b/static-vectors.asd
str, ghcr.io/ocicl/str@sha256:685078f7554071268bca9e933392904940d6751077718a4aafaf3d0424003f26, cl-str-20250905-69ef8b4/str.asd
str.test, ghcr.io/ocicl/str@sha256:685078f7554071268bca9e933392904940d6751077718a4aafaf3d0424003f26, cl-str-20250905-69ef8b4/str.test.asd
t-clack-handler-hunchentoot, ghcr.io/ocicl/clack@sha256:9457bea28f1ee9c49a7626c2ee23c181b5af3636b5e64a27a46ef8535818947f, clack-20241101-935be5b/t-clack-handler-hunchentoot.asd
t-clack-handler-toot, ghcr.io/ocicl/clack@sha256:9457bea28f1ee9c49a7626c2ee23c181b5af3636b5e64a27a46ef8535818947f, clack-20241101-935be5b/t-clack-handler-toot.asd
t-clack-handler-wookie, ghcr.io/ocicl/clack@sha256:9457bea28f1ee9c49a7626c2ee23c181b5af3636b5e64a27a46ef8535818947f, clack-20241101-935be5b/t-clack-handler-wookie.asd
timer-wheel, ghcr.io/ocicl/timer-wheel@sha256:4a3ac1c9f78f6c9c1400ba967c5f99edb9dba4bf95c8379bb715a8f1fdbb7639, timer-wheel-20240503-6cdcb93/timer-wheel.asd
timer-wheel.examples, ghcr.io/ocicl/timer-wheel@sha256:4a3ac1c9f78f6c9c1400ba967c5f99edb9dba4bf95c8379bb715a8f1fdbb7639, timer-wheel-20240503-6cdcb93/timer-wheel.examples.asd
timer-wheel.test, ghcr.io/ocicl/timer-wheel@sha256:4a3ac1c9f78f6c9c1400ba967c5f99edb9dba4bf95c8379bb715a8f1fdbb7639, timer-wheel-20240503-6cdcb93/timer-wheel.test.asd
trivia, ghcr.io/ocicl/trivia@sha256:51db74757bc31ceaf3a643914a8ffa87825799097dea4912650e6ac62bed5209, trivia-20240904-4383dd8/trivia.asd
trivia.balland2006, ghcr.io/ocicl/trivia@sha256:51db74757bc31ceaf3a643914a8ffa87825799097dea4912650e6ac62bed5209, trivia-20240904-4383dd8/trivia.balland2006.asd
trivia.benchmark, ghcr.io/ocicl/trivia@sha256:51db74757bc31ceaf3a643914a8ffa87825799097dea4912650e6ac62bed5209, trivia-20240904-4383dd8/trivia.benchmark.asd
trivia.cffi, ghcr.io/ocicl/trivia@sha256:51db74757bc31ceaf3a643914a8ffa87825799097dea4912650e6ac62bed5209, trivia-20240904-4383dd8/trivia.cffi.asd
trivia.fset, ghcr.io/ocicl/trivia@sha256:51db74757bc31ceaf3a643914a8ffa87825799097dea4912650e6ac62bed5209, trivia-20240904-4383dd8/trivia.fset.asd
trivia.level0, ghcr.io/ocicl/trivia@sha256:51db74757bc31ceaf3a643914a8ffa87825799097dea4912650e6ac62bed5209, trivia-20240904-4383dd8/trivia.level0.asd
trivia.level1, ghcr.io/ocicl/trivia@sha256:51db74757bc31ceaf3a643914a8ffa87825799097dea4912650e6ac62bed5209, trivia-20240904-4383dd8/trivia.level1.asd
trivia.level2, ghcr.io/ocicl/trivia@sha256:51db74757bc31ceaf3a643914a8ffa87825799097dea4912650e6ac62bed5209, trivia-20240904-4383dd8/trivia.level2.asd
trivia.ppcre, ghcr.io/ocicl/trivia@sha256:51db74757bc31ceaf3a643914a8ffa87825799097dea4912650e6ac62bed5209, trivia-20240904-4383dd8/trivia.ppcre.asd
trivia.quasiquote, ghcr.io/ocicl/trivia@sha256:51db74757bc31ceaf3a643914a8ffa87825799097dea4912650e6ac62bed5209, trivia-20240904-4383dd8/trivia.quasiquote.asd
trivia.test, ghcr.io/ocicl/trivia@sha256:51db74757bc31ceaf3a643914a8ffa87825799097dea4912650e6ac62bed5209, trivia-20240904-4383dd8/trivia.test.asd
trivia.trivial, ghcr.io/ocicl/trivia@sha256:51db74757bc31ceaf3a643914a8ffa87825799097dea4912650e6ac62bed5209, trivia-20240904-4383dd8/trivia.trivial.asd
trivial-cltl2, ghcr.io/ocicl/trivial-cltl2@sha256:69470b4f6469314799074b9d944050dc4bcb67d5cbb2ba32c7a8899bb492f04e, trivial-cltl2-20230809-2ada872/trivial-cltl2.asd
trivial-mimes, ghcr.io/ocicl/trivial-mimes@sha256:a92350000c29520f98e349019917e9e6d283e5ff218361bae791fc5af9d17dcf, trivial-mimes-20260218-8b1ea12/trivial-mimes.asd
trivial-utf-8, ghcr.io/ocicl/trivial-utf-8@sha256:014e7fa0edd7f351c8b38c3247e0cdda438235bb8a086bb0f2bac08f78ef400d, trivial-utf-8-20240503-ba9b4ff/trivial-utf-8.asd
trivial-with-current-source-form, ghcr.io/ocicl/trivial-with-current-source-form@sha256:955baad39fb52d9d02af21ea36442c9675419c2486392279f669ada9788f3e3b, trivial-with-current-source-form-20240503-dc3fff9/trivial-with-current-source-form.asd
type-i, ghcr.io/ocicl/type-i@sha256:de5c3e7f7b72409c5ec49885eea8c6fe2e02def2846cf97f70c1c21f21a1567c, type-i-20240503-4407a68/type-i.asd
type-i.test, ghcr.io/ocicl/type-i@sha256:de5c3e7f7b72409c5ec49885eea8c6fe2e02def2846cf97f70c1c21f21a1567c, type-i-20240503-4407a68/type-i.test.asd
version-string, ghcr.io/ocicl/version-string@sha256:eb8f45786af7fd6f792aecada1f905870f1d79abfaee0ceb774a94824ad9b14f, cl-version-string-20251228-668f2fa/version-string.asd
vom, ghcr.io/ocicl/vom@sha256:f8c3898b00ba064be339b7e0e0407aa7a0e6f029017ba63dcd5ada7816a7b87c, vom-20240815-303c3f6/vom.asd
with-user-abort, ghcr.io/ocicl/with-user-abort@sha256:c19560034f9909a7afb4110b5efd939a9f1e829d9ef9887797b98679f290c480, with-user-abort-20240503-a3db02e/with-user-abort.asd
woo, ghcr.io/ocicl/woo@sha256:d14f9876ea2105452eaabb52ddc902768147a3e576bf1912cee942a5d5c6b563, woo-20240906-7f5219c/woo.asd
woo-test, ghcr.io/ocicl/woo@sha256:d14f9876ea2105452eaabb52ddc902768147a3e576bf1912cee942a5d5c6b563, woo-20240906-7f5219c/woo-test.asd
xsubseq, ghcr.io/ocicl/xsubseq@sha256:7605d14f7cc7fd2f63190ad81fe7bd65daef105d6728ee6bb59baef49da2aa51, xsubseq-20240503-5ce430b/xsubseq.asd
xsubseq-test, ghcr.io/ocicl/xsubseq@sha256:7605d14f7cc7fd2f63190ad81fe7bd65daef105d6728ee6bb59baef49da2aa51, xsubseq-20240503-5ce430b/xsubseq-test.asd
yason, ghcr.io/ocicl/yason@sha256:d4857f9cbdd68a5d1332c7f8a4a2374b1ae0dc567d4b8f90795ff38fd490876b, yason-20250323-0c84b29/yason.asd
yason-tests, ghcr.io/ocicl/yason@sha256:d4857f9cbdd68a5d1332c7f8a4a2374b1ae0dc567d4b8f90795ff38fd490876b, yason-20250323-0c84b29/yason-tests.asd
